epoch,train_loss,train_f1,val_loss,val_f1
1,0.5521551705198492,0.5368324357872737,0.4572382985704041,0.4243676929838463
2,0.1338384945324639,0.8487699420344081,0.533041327376681,0.5313853683579673
3,0.07225682104470772,0.9071447811346754,0.5842229273876346,0.5359072987762858
4,0.05653208752820086,0.9259602679413905,0.5602315818960262,0.5733553138322055
5,0.04278848167964454,0.9418832009836384,0.6433646600282548,0.5624781798185279
6,0.03768402875287336,0.9491756069652961,0.7397538526412925,0.5583616304053407
7,0.02962704804870931,0.9575442201275126,0.7033973079580653,0.5558471810751725
8,0.02777386978410959,0.959525105366089,0.7760779559188163,0.5632056489084932
9,0.023965549567834643,0.9631091288789944,0.7437298737610456,0.5607460250198774
