epoch,train_loss,train_f1,val_loss,val_f1,val_monitor
1,0.4037463059806682,0.6999049642631954,0.8455014796571687,0.5493816954919494,0.44792151793308915
2,0.1760953140249009,0.8561016577269023,0.6836027899120182,0.5731540345299238,0.4911216997404816
3,0.1326031307463617,0.892548105082185,0.7410244953616196,0.559741227042082,0.4708182875986876
4,0.09397814867312558,0.9221372186267862,0.8003952843378593,0.5634257416945219,0.46737830757397875
5,0.07876560297641584,0.9321151673488004,0.9156768920991335,0.5554516771674896,0.44557045011559354
6,0.06368984684322057,0.9439716734004069,0.9856100734376416,0.5564542641638003,0.43818105535128327
7,0.05486778273929524,0.9515398298075244,0.7104261347321305,0.5615730700110582,0.47632193384320254
